ID,名前,掲載日,画像URL,Twitter(X),Instagram,タグ1,タグ2,タグ3,タグ4,タグ(結合),メモ
2026093002,さとちゃん,2026/9/30,https://www.tokyo-crossdress.com/WBlog/2026093002-600.jpg,https://x.com/FTMM_S4tocha,,清楚,フェミニン,ガーリー,レトロ,"清楚,フェミニン,ガーリー,レトロ",
2026093001,めぐみ,2026/9/30,https://www.tokyo-crossdress.com/WBlog/2026093001-600.jpg,https://x.com/megmeg6321,,かわいい,フェミニン,ガーリー,レトロ,"かわいい,フェミニン,ガーリー,レトロ",
2026092102,恋(れん),2026/9/21,https://www.tokyo-crossdress.com/WBlog/2026092102-600.jpg,https://x.com/10renren28,,かわいい,きれいめ,清楚,大人っぽい,"かわいい,きれいめ,清楚,大人っぽい",
2026092101,れあちゃん,2026/9/21,https://www.tokyo-crossdress.com/WBlog/2026092101-600.jpg,https://x.com/reareasubsub,,かわいい,カジュアル,クール,サブカル,"かわいい,カジュアル,クール,サブカル",
2026091704,ゆうな,2026/9/17,https://www.tokyo-crossdress.com/WBlog/2026091704-600.jpg,https://x.com/yuuna_smile215,,きれいめ,大人っぽい,カジュアル,フェミニン,"きれいめ,大人っぽい,カジュアル,フェミニン",
2026091703,ここあ,2026/9/17,https://www.tokyo-crossdress.com/WBlog/2026091703-600.jpg,https://x.com/cocoa_5545,,かわいい,カジュアル,サブカル,カジュアル,"かわいい,カジュアル,サブカル,カジュアル",
2026091702,いおーーーーー猫,2026/9/17,https://www.tokyo-crossdress.com/WBlog/2026091702-600.jpg,https://x.com/kuzirai0,,きれいめ,大人っぽい,セクシー,クール,"きれいめ,大人っぽい,セクシー,クール",
2026091701,そらさん,2026/9/17,https://www.tokyo-crossdress.com/WBlog/2026091701-600.jpg,https://x.com/c_c_oc_,,きれいめ,かわいい,セクシー,コスプレ,"きれいめ,かわいい,セクシー,コスプレ",
2026091602,ねる,2026/9/16,https://www.tokyo-crossdress.com/WBlog/2026091602-600.jpg,https://x.com/smikao__rix,,きれいめ,ナチュラル,モード,清楚,"きれいめ,ナチュラル,モード,清楚",
2026091601,せりか,2026/9/16,https://www.tokyo-crossdress.com/WBlog/2026091601-600.jpg,https://x.com/Celica815,,きれいめ,大人っぽい,セクシー,和装,"きれいめ,大人っぽい,セクシー,和装",
2026090903,このか,2026/9/9,https://www.tokyo-crossdress.com/WBlog/2026090903-600.jpg,https://x.com/konoka2024,,ゴス・地雷,かわいい,カジュアル,モード,"ゴス・地雷,かわいい,カジュアル,モード",
2026090902,愛瀬 ゆみ,2026/9/9,https://www.tokyo-crossdress.com/WBlog/2026090902-600.jpg,https://x.com/yu_mi_LI_BE,,サブカル,かわいい,セクシー,ガーリー,"サブカル,かわいい,セクシー,ガーリー",
2026090901,るのん,2026/9/9,https://www.tokyo-crossdress.com/WBlog/2026090901-600.jpg,https://x.com/runonchan_,,かわいい,清楚,ナチュラル,フェミニン,"かわいい,清楚,ナチュラル,フェミニン",
2026090706,みあ,2026/9/7,https://www.tokyo-crossdress.com/WBlog/2026090706-600.jpg,https://x.com/uux1q,,かわいい,フェミニン,ガーリー,カジュアル,"かわいい,フェミニン,ガーリー,カジュアル",
2026090705,ふわり,2026/9/7,https://www.tokyo-crossdress.com/WBlog/2026090705-600.jpg,https://x.com/fufufufu_fuwari,https://www.instagram.com/fuwafuwa20220523,かわいい,大人っぽい,セクシー,コスプレ,"かわいい,大人っぽい,セクシー,コスプレ",
2026090704,わかな,2026/9/7,https://www.tokyo-crossdress.com/WBlog/2026090704-600.jpg,https://x.com/DXwakana,https://www.instagram.com/dxwakana,きれいめ,大人っぽい,セクシー,ガーリー,"きれいめ,大人っぽい,セクシー,ガーリー",
2026090703,♂KATE♀,2026/9/7,https://www.tokyo-crossdress.com/WBlog/2026090703-600.jpg,https://x.com/KATE_5903,,かわいい,ナチュラル,ボーイッシュ,カジュアル,"かわいい,ナチュラル,ボーイッシュ,カジュアル",
2026090702,るん,2026/9/7,https://www.tokyo-crossdress.com/WBlog/2026090702-600.jpg,https://x.com/run_run_runact2,,かわいい,セクシー,ナチュラル,カジュアル,"かわいい,セクシー,ナチュラル,カジュアル",
2026090701,河原由奈,2026/9/7,https://www.tokyo-crossdress.com/WBlog/2026090701-600.jpg,https://x.com/yunayuna_chin,,きれいめ,大人っぽい,セクシー,クール,"きれいめ,大人っぽい,セクシー,クール",
2026090202,ミヅキ,2026/9/2,https://www.tokyo-crossdress.com/WBlog/2026090202-600.jpg,https://x.com/mizuki600n,https://www.instagram.com/mizuki600n,きれいめ,清楚,大人っぽい,クール,"きれいめ,清楚,大人っぽい,クール",
2026090201,東籬夕佳,2026/9/2,https://www.tokyo-crossdress.com/WBlog/2026090201-600.jpg,https://x.com/tohriyuka,,かわいい,ガーリー,レトロ,サブカル,"かわいい,ガーリー,レトロ,サブカル",
2026082803,フォルテ,2026/8/28,https://www.tokyo-crossdress.com/WBlog/2026082803-600.jpg,https://x.com/forte_xox,,クール,きれいめ,モード,サブカル,"クール,きれいめ,モード,サブカル",
2026082802,のだち,2026/8/28,https://www.tokyo-crossdress.com/WBlog/2026082802-600.jpg,https://x.com/nodachanmaru,,かわいい,フェミニン,ガーリー,レトロ,"かわいい,フェミニン,ガーリー,レトロ",
2026082801,魅流紅,2026/8/28,https://www.tokyo-crossdress.com/WBlog/2026082801-600.jpg,https://x.com/kamarezu_milk,,セクシー,ギャル,サブカル,セクシー,"セクシー,ギャル,サブカル,セクシー",
2026082105,ニィーナ❤︎,2026/8/21,https://www.tokyo-crossdress.com/WBlog/2026082105-600.jpg,https://x.com/nt882059,,ガーリー,かわいい,ロリータ,サブカル,"ガーリー,かわいい,ロリータ,サブカル",
2026082104,月代 澪,2026/8/21,https://www.tokyo-crossdress.com/WBlog/2026082104-600.jpg,https://x.com/MIO_TSUKISHIRO_,https://www.instagram.com/mio_mio_b,ガーリー,セクシー,サブカル,コスプレ,"ガーリー,セクシー,サブカル,コスプレ",
2026082103,水本ミツキ,2026/8/21,https://www.tokyo-crossdress.com/WBlog/2026082103-600.jpg,https://x.com/miz_cd_,,かわいい,清楚,フェミニン,ガーリー,"かわいい,清楚,フェミニン,ガーリー",
2026082102,あべのじゃく(邪鬼),2026/8/21,https://www.tokyo-crossdress.com/WBlog/2026082102-600.jpg,https://x.com/Abechan893,,クール,モード,ゴス・地雷,ナチュラル,"クール,モード,ゴス・地雷,ナチュラル",
2026082101,ゆり,2026/8/21,https://www.tokyo-crossdress.com/WBlog/2026082101-600.jpg,https://x.com/yuri_otoko,,きれいめ,大人っぽい,モード,韓国風,"きれいめ,大人っぽい,モード,韓国風",
2026081902,だしまき＊たまご,2026/8/19,https://www.tokyo-crossdress.com/WBlog/2026081902-600.jpg,https://x.com/dasimaki77,,大人っぽい,セクシー,サブカル,コスプレ,"大人っぽい,セクシー,サブカル,コスプレ",
2026081901,凛,2026/8/19,https://www.tokyo-crossdress.com/WBlog/2026081901-600.jpg,https://x.com/rinrin_sadness_,,かわいい,ガーリー,ゴス・地雷,ロリータ,"かわいい,ガーリー,ゴス・地雷,ロリータ",
2026081402,AmilyTan,2026/8/14,https://www.tokyo-crossdress.com/WBlog/2026081402-600.jpg,https://x.com/AmilyTan1988,,かわいい,ガーリー,サブカル,コスプレ,"かわいい,ガーリー,サブカル,コスプレ",
2026081401,みずな,2026/8/14,https://www.tokyo-crossdress.com/WBlog/2026081401-600.jpg,https://x.com/mizunajosu,,きれいめ,清楚,大人っぽい,フェミニン,"きれいめ,清楚,大人っぽい,フェミニン",
2026081005,まき,2026/8/10,https://www.tokyo-crossdress.com/WBlog/2026081005-600.jpg,https://x.com/mmmmaaakki,,かわいい,カジュアル,ギャル,サブカル,"かわいい,カジュアル,ギャル,サブカル",
2026081004,まな,2026/8/10,https://www.tokyo-crossdress.com/WBlog/2026081004-600.jpg,https://x.com/mana_xdres,,大人っぽい,セクシー,クール,和装,"大人っぽい,セクシー,クール,和装",
2026081003,まゆ,2026/8/10,https://www.tokyo-crossdress.com/WBlog/2026081003-600.jpg,https://x.com/karinamayu,https://www.instagram.com/mayu.7518,清楚,ナチュラル,かわいい,コスプレ,"清楚,ナチュラル,かわいい,コスプレ",
2026081002,さいか,2026/8/10,https://www.tokyo-crossdress.com/WBlog/2026081002-600.jpg,https://x.com/saikq318,,清楚,ナチュラル,カジュアル,かわいい,"清楚,ナチュラル,カジュアル,かわいい",
2026081001,なな,2026/8/10,https://www.tokyo-crossdress.com/WBlog/2026081001-600.jpg,https://x.com/n0a4n0a4NNUSG,https://www.instagram.com/n0a4n0a4nnusg,かわいい,ナチュラル,韓国風,カジュアル,"かわいい,ナチュラル,韓国風,カジュアル",
2026073008,世界のさき,2026/7/30,https://www.tokyo-crossdress.com/WBlog/2026073008-600.jpg,https://x.com/TS020_sakky,,大人っぽい,セクシー,クール,カジュアル,"大人っぽい,セクシー,クール,カジュアル",
2026073007,ひなた,2026/7/30,https://www.tokyo-crossdress.com/WBlog/2026073007-600.jpg,https://x.com/hinata230422,,ガーリー,モード,クール,ゴス・地雷,"ガーリー,モード,クール,ゴス・地雷",
2026073006,トト,2026/7/30,https://www.tokyo-crossdress.com/WBlog/2026073006-600.jpg,https://x.com/totodesu_0929,,かわいい,ガーリー,ナチュラル,サブカル,"かわいい,ガーリー,ナチュラル,サブカル",
2026073005,くろな✞໒꒱,2026/7/30,https://www.tokyo-crossdress.com/WBlog/2026073005-600.jpg,https://x.com/kuro02nyanko,,かわいい,ガーリー,ゴス・地雷,サブカル,"かわいい,ガーリー,ゴス・地雷,サブカル",
2026073004,外村 なお,2026/7/30,https://www.tokyo-crossdress.com/WBlog/2026073004-600.jpg,https://x.com/poncotsu_nao,,大人っぽい,セクシー,ギャル,クール,"大人っぽい,セクシー,ギャル,クール",
2026073003,ちま,2026/7/30,https://www.tokyo-crossdress.com/WBlog/2026073003-600.jpg,https://x.com/tsugechima,https://www.instagram.com/soko60606,ガーリー,韓国風,サブカル,コスプレ,"ガーリー,韓国風,サブカル,コスプレ",
2026073002,ミン,2026/7/30,https://www.tokyo-crossdress.com/WBlog/2026073002-600.jpg,https://x.com/Mincb2r,,きれいめ,大人っぽい,セクシー,ギャル,"きれいめ,大人っぽい,セクシー,ギャル",
2026073001,ゆうか,2026/7/30,https://www.tokyo-crossdress.com/WBlog/2026073001-600.jpg,https://x.com/yuuka_make,https://www.instagram.com/yuuka.xgender,フェミニン,ガーリー,ロリータ,サブカル,"フェミニン,ガーリー,ロリータ,サブカル",
2026072701,空彩じゅーす,2026/7/27,https://www.tokyo-crossdress.com/WBlog/2026072701-600.jpg,https://x.com/sorairo_juice,https://www.instagram.com/sorairo_juice_,フェミニン,ガーリー,ロリータ,サブカル,"フェミニン,ガーリー,ロリータ,サブカル",
2026072303,亜夢,2026/7/23,https://www.tokyo-crossdress.com/WBlog/2026072303-600.jpg,https://x.com/BWDCGCwesE7611,,ガーリー,カジュアル,ゴス・地雷,サブカル,"ガーリー,カジュアル,ゴス・地雷,サブカル",
2026072302,ごんざえもんなの,2026/7/23,https://www.tokyo-crossdress.com/WBlog/2026072302-600.jpg,https://x.com/gonzaemon_nano,,きれいめ,大人っぽい,セクシー,カジュアル,"きれいめ,大人っぽい,セクシー,カジュアル",
2026072301,クロ,2026/7/23,https://www.tokyo-crossdress.com/WBlog/2026072301-600.jpg,https://x.com/kukukuro2498,,きれいめ,モード,クール,大人っぽい,"きれいめ,モード,クール,大人っぽい",
2026072004,かっしー,2026/7/20,https://www.tokyo-crossdress.com/WBlog/2026072004-600.jpg,https://x.com/kasshii_chan,,かわいい,清楚,フェミニン,ガーリー,"かわいい,清楚,フェミニン,ガーリー",
2026072003,涼菜,2026/7/20,https://www.tokyo-crossdress.com/WBlog/2026072003-600.jpg,https://x.com/suzuna_cd,,清楚,ナチュラル,カジュアル,和装,"清楚,ナチュラル,カジュアル,和装",
2026072002,星谷マリコ,2026/7/20,https://www.tokyo-crossdress.com/WBlog/2026072002-600.jpg,https://x.com/masamariko1,,きれいめ,清楚,フェミニン,コスプレ,"きれいめ,清楚,フェミニン,コスプレ",
2026072001,女装 める子の日記,2026/7/20,https://www.tokyo-crossdress.com/WBlog/2026072001-600.jpg,https://x.com/melko20250505,,かわいい,セクシー,ガーリー,ギャル,"かわいい,セクシー,ガーリー,ギャル",
2026070903,睡魔ちゃん,2026/7/9,https://www.tokyo-crossdress.com/WBlog/2026070903-600.jpg,https://x.com/FUN7xxx,,きれいめ,クール,モード,ボーイッシュ,"きれいめ,クール,モード,ボーイッシュ",
2026070902,ゆき,2026/7/9,https://www.tokyo-crossdress.com/WBlog/2026070902-600.jpg,https://x.com/paruparuyuki39k,,清楚,大人っぽい,ナチュラル,カジュアル,"清楚,大人っぽい,ナチュラル,カジュアル",
2026070901,京極唯,2026/7/9,https://www.tokyo-crossdress.com/WBlog/2026070901-600.jpg,https://x.com/yuiitu_no_yui,,清楚,きれいめ,クール,和装,"清楚,きれいめ,クール,和装",
2026070304,みく,2026/7/3,https://www.tokyo-crossdress.com/WBlog/2026070304-600.jpg,https://x.com/mikupoyo_4,,かわいい,大人っぽい,ガーリー,フェミニン,"かわいい,大人っぽい,ガーリー,フェミニン",
2026070303,し・ほみん,2026/7/3,https://www.tokyo-crossdress.com/WBlog/2026070303-600.jpg,https://x.com/sailorprecure21,https://www.instagram.com/shehomin03,きれいめ,大人っぽい,セクシー,フェミニン,"きれいめ,大人っぽい,セクシー,フェミニン",
2026070302,mitsukiSakura,2026/7/3,https://www.tokyo-crossdress.com/WBlog/2026070302-600.jpg,https://x.com/ms2_zzz,,かわいい,フェミニン,サブカル,コスプレ,"かわいい,フェミニン,サブカル,コスプレ",
2026070301,百日ラビ,2026/7/3,https://www.tokyo-crossdress.com/WBlog/2026070301-600.jpg,https://x.com/100days_rabbit,,かわいい,ガーリー,サブカル,コスプレ,"かわいい,ガーリー,サブカル,コスプレ",
2026063009,ひださく,2026/6/30,https://www.tokyo-crossdress.com/WBlog/2026063009-600.jpg,https://x.com/hidasaku,,かわいい,ガーリー,ナチュラル,フェミニン,"かわいい,ガーリー,ナチュラル,フェミニン",
2026063008,桜月モナカ,2026/6/30,https://www.tokyo-crossdress.com/WBlog/2026063008-600.jpg,https://x.com/5akuramoca,,ナチュラル,ガーリー,サブカル,コスプレ,"ナチュラル,ガーリー,サブカル,コスプレ",
2026063007,manaka,2026/6/30,https://www.tokyo-crossdress.com/WBlog/2026063007-600.jpg,https://x.com/manaka_5_7,https://www.instagram.com/manaka_5_7,モード,ナチュラル,サブカル,コスプレ,"モード,ナチュラル,サブカル,コスプレ",
2026063006,ゆかまる,2026/6/30,https://www.tokyo-crossdress.com/WBlog/2026063006-600.jpg,https://x.com/yuka_did,,大人っぽい,セクシー,クール,ギャル,"大人っぽい,セクシー,クール,ギャル",
2026063005,白石あやめ,2026/6/30,https://www.tokyo-crossdress.com/WBlog/2026063005-600.jpg,https://x.com/ayamechan36,https://www.instagram.com/shiraishi_ayame,清楚,かわいい,ガーリー,フェミニン,"清楚,かわいい,ガーリー,フェミニン",
2026063004,hitomi1103,2026/6/30,https://www.tokyo-crossdress.com/WBlog/2026063004-600.jpg,https://x.com/ellemoi8778,,きれいめ,清楚,大人っぽい,和装,"きれいめ,清楚,大人っぽい,和装",
2026063003,ピーナッツ🥜,2026/6/30,https://www.tokyo-crossdress.com/WBlog/2026063003-600.jpg,https://x.com/plln4ttsu,,クール,ボーイッシュ,モード,カジュアル,"クール,ボーイッシュ,モード,カジュアル",
2026063002,鳳崎翼,2026/6/30,https://www.tokyo-crossdress.com/WBlog/2026063002-600.jpg,https://x.com/cNIvEBD7nxR8tT7,,かわいい,ガーリー,フェミニン,ナチュラル,"かわいい,ガーリー,フェミニン,ナチュラル",
2026063001,かずぴょん,2026/6/30,https://www.tokyo-crossdress.com/WBlog/2026063001-600.jpg,https://x.com/kazuclock_josou,https://www.instagram.com/kazu_pyon0128,かわいい,ガーリー,カジュアル,ギャル,"かわいい,ガーリー,カジュアル,ギャル",
2026062901,ゆあ,2026/6/29,https://www.tokyo-crossdress.com/WBlog/2026062901-600.jpg,https://x.com/tyukityuki_yua/media,,かわいい,ガーリー,サブカル,コスプレ,"かわいい,ガーリー,サブカル,コスプレ",
2026062506,𝐴𝑦𝑎𝑛𝑎,2026/6/25,https://www.tokyo-crossdress.com/WBlog/2026062506-600.jpg,https://x.com/poioiooweight,,かわいい,ガーリー,清楚,サブカル,"かわいい,ガーリー,清楚,サブカル",
2026062505,わかな,2026/6/25,https://www.tokyo-crossdress.com/WBlog/2026062505-600.jpg,https://x.com/HarunohiWakana,,フェミニン,ガーリー,ゴス・地雷,サブカル,"フェミニン,ガーリー,ゴス・地雷,サブカル",
2026062504,小倉あずき,2026/6/25,https://www.tokyo-crossdress.com/WBlog/2026062504-600.jpg,https://x.com/Azuki_Xdress,https://www.instagram.com/azuki_xdress,きれいめ,清楚,ナチュラル,フェミニン,"きれいめ,清楚,ナチュラル,フェミニン",
2026062503,のぞみ,2026/6/25,https://www.tokyo-crossdress.com/WBlog/2026062503-600.jpg,https://x.com/zoe3_sax,https://www.instagram.com/nozomi_zoe3_sax,大人っぽい,クール,セクシー,ギャル,"大人っぽい,クール,セクシー,ギャル",
2026062502,優莉,2026/6/25,https://www.tokyo-crossdress.com/WBlog/2026062502-600.jpg,https://x.com/Yuurii_cd,,かわいい,ガーリー,ゴス・地雷,サブカル,"かわいい,ガーリー,ゴス・地雷,サブカル",
2026062501,烏丸優衣,2026/6/25,https://www.tokyo-crossdress.com/WBlog/2026062501-600.jpg,https://x.com/yui_karasuma,,ナチュラル,フェミニン,ガーリー,コスプレ,"ナチュラル,フェミニン,ガーリー,コスプレ",
2026062402,さけ(かす)ドンペリドン,2026/6/24,https://www.tokyo-crossdress.com/WBlog/2026062402-600.jpg,https://x.com/718116_yo,,ナチュラル,きれいめ,カジュアル,セクシー,"ナチュラル,きれいめ,カジュアル,セクシー",
2026062002,迷走メロディ,2026/6/20,https://www.tokyo-crossdress.com/WBlog/2026062002-600.jpg,https://x.com/kuitanpinfu2000/media,,かわいい,ガーリー,カジュアル,サブカル,"かわいい,ガーリー,カジュアル,サブカル",
2026062001,みなみ,2026/6/20,https://www.tokyo-crossdress.com/WBlog/2026062001-600.jpg,https://x.com/minami009230,,きれいめ,清楚,コスプレ,和装,"きれいめ,清楚,コスプレ,和装",
2026061204,もち,2026/6/12,https://www.tokyo-crossdress.com/WBlog/2026061204-600.jpg,https://x.com/mochikin_chuck,,かわいい,清楚,コスプレ,サブカル,"かわいい,清楚,コスプレ,サブカル",
2026061203,ちほ,2026/6/12,https://www.tokyo-crossdress.com/WBlog/2026061203-600.jpg,https://x.com/erena_natuki,https://www.instagram.com/chi_ho0824,かわいい,ナチュラル,カジュアル,セクシー,"かわいい,ナチュラル,カジュアル,セクシー",
2026061202,るい,2026/6/12,https://www.tokyo-crossdress.com/WBlog/2026061202-600.jpg,https://x.com/ruirui_peach,https://www.instagram.com/ruirui_peach,きれいめ,清楚,セクシー,フェミニン,"きれいめ,清楚,セクシー,フェミニン",
2026061102,眠,2026/6/11,https://www.tokyo-crossdress.com/WBlog/2026061102-600.jpg,https://x.com/nemui_qfkm6,,かわいい,ガーリー,サブカル,ゴス・地雷,"かわいい,ガーリー,サブカル,ゴス・地雷",
2026060803,花村ゆぅら,2026/6/8,https://www.tokyo-crossdress.com/WBlog/2026060803-600.jpg,https://x.com/yuura_libe,,フェミニン,ガーリー,かわいい,きれいめ,"フェミニン,ガーリー,かわいい,きれいめ",
2026060802,こりす,2026/6/8,https://www.tokyo-crossdress.com/WBlog/2026060802-600.jpg,https://x.com/koririsosu,,かわいい,ギャル,レトロ,韓国風,"かわいい,ギャル,レトロ,韓国風",
2026060801,ゆとりちゃん,2026/6/8,https://www.tokyo-crossdress.com/WBlog/2026060801-600.jpg,https://x.com/6641Izumi,,かわいい,フェミニン,ガーリー,サブカル,"かわいい,フェミニン,ガーリー,サブカル",
2026060101,真白珠杏,2026/6/1,https://www.tokyo-crossdress.com/WBlog/2026060101-600.jpg,https://x.com/juanmashiro,,きれいめ,大人っぽい,クール,ギャル,"きれいめ,大人っぽい,クール,ギャル",
2026052801,まよ,2026/5/28,https://www.tokyo-crossdress.com/WBlog/2026052801-600.jpg,https://x.com/mayo06585,,ナチュラル,清楚,カジュアル,モード,"ナチュラル,清楚,カジュアル,モード",
2026052502,ありみな,2026/5/25,https://www.tokyo-crossdress.com/WBlog/2026052502-600.jpg,https://x.com/ARiMuRa_SaMa,,セクシー,サブカル,大人っぽい,モード,"セクシー,サブカル,大人っぽい,モード",
2026052501,沙衣,2026/5/25,https://www.tokyo-crossdress.com/WBlog/2026052501-600.jpg,https://x.com/sae_nogi_1248,,大人っぽい,セクシー,ギャル,モード,"大人っぽい,セクシー,ギャル,モード",
2026052302,皆月朔夜,2026/5/23,https://www.tokyo-crossdress.com/WBlog/2026052302-600.jpg,https://x.com/sakulove1212,,きれいめ,ナチュラル,カジュアル,ボーイッシュ,"きれいめ,ナチュラル,カジュアル,ボーイッシュ",
2026052301,サクラ,2026/5/23,https://www.tokyo-crossdress.com/WBlog/2026052301-600.jpg,https://x.com/saku_ra_men,,きれいめ,清楚,ナチュラル,コスプレ,"きれいめ,清楚,ナチュラル,コスプレ",
2026052003,まりこ,2026/5/20,https://www.tokyo-crossdress.com/WBlog/2026052003-600.jpg,https://x.com/nakamari_cross,,ガーリー,かわいい,サブカル,コスプレ,"ガーリー,かわいい,サブカル,コスプレ",
2026052002,かえで,2026/5/20,https://www.tokyo-crossdress.com/WBlog/2026052002-600.jpg,https://x.com/kaede_forever18,,きれいめ,大人っぽい,クール,ギャル,"きれいめ,大人っぽい,クール,ギャル",
2026052001,しぃな,2026/5/20,https://www.tokyo-crossdress.com/WBlog/2026052001-600.jpg,https://x.com/Shina_m0516,,かわいい,ガーリー,サブカル,コスプレ,"かわいい,ガーリー,サブカル,コスプレ",
2026051504,chaos,2026/5/15,https://www.tokyo-crossdress.com/WBlog/2026051504-600.jpg,https://x.com/chaos96576736,,サブカル,セクシー,ナチュラル,カジュアル,"サブカル,セクシー,ナチュラル,カジュアル",
2026051503,しいの,2026/5/15,https://www.tokyo-crossdress.com/WBlog/2026051503-600.jpg,https://x.com/Oyn2HMdsCv55307,,ロリータ,サブカル,コスプレ,フェミニン,"ロリータ,サブカル,コスプレ,フェミニン",
2026051501,星乃hiro,2026/5/15,https://www.tokyo-crossdress.com/WBlog/2026051501-600.jpg,https://x.com/hirochanhispeed,,かわいい,ナチュラル,カジュアル,ガーリー,"かわいい,ナチュラル,カジュアル,ガーリー",
2026051301,ちよ,2026/5/13,https://www.tokyo-crossdress.com/WBlog/2026051301-600.jpg,https://x.com/Mr6NMZFMCa67519,,ガーリー,ギャル,クール,サブカル,"ガーリー,ギャル,クール,サブカル",
2026051105,まろん,2026/5/11,https://www.tokyo-crossdress.com/WBlog/2026051105-600.jpg,https://x.com/maroron00910,,きれいめ,ナチュラル,ボーイッシュ,カジュアル,"きれいめ,ナチュラル,ボーイッシュ,カジュアル",
2026051104,とゅくし,2026/5/11,https://www.tokyo-crossdress.com/WBlog/2026051104-600.jpg,https://x.com/yurusenna_bot,,かわいい,カジュアル,モード,ゴス・地雷,"かわいい,カジュアル,モード,ゴス・地雷",
2026051103,萩花,2026/5/11,https://www.tokyo-crossdress.com/WBlog/2026051103-600.jpg,https://x.com/shuuka8739,,きれいめ,大人っぽい,セクシー,フェミニン,"きれいめ,大人っぽい,セクシー,フェミニン",
2026051102,Nana-aikawa,2026/5/11,https://www.tokyo-crossdress.com/WBlog/2026051102-600.jpg,https://x.com/SerufuG,,きれいめ,大人っぽい,セクシー,フェミニン,"きれいめ,大人っぽい,セクシー,フェミニン",
2026051101,にこちゃん,2026/5/11,https://www.tokyo-crossdress.com/WBlog/2026051101-600.jpg,https://x.com/nikocyanx,,かわいい,ナチュラル,ガーリー,ゴス・地雷,"かわいい,ナチュラル,ガーリー,ゴス・地雷",
2026050702,𝓝𝓸𝓪𝓷,2026/5/7,https://www.tokyo-crossdress.com/WBlog/2026050702-600.jpg,https://x.com/A_Know_N,,モード,サブカル,コスプレ,レトロ,"モード,サブカル,コスプレ,レトロ",
2026050701,いちか,2026/5/7,https://www.tokyo-crossdress.com/WBlog/2026050701-600.jpg,https://x.com/mizumizu656,,ガーリー,かわいい,韓国風,サブカル,"ガーリー,かわいい,韓国風,サブカル",
2026021301,のりちゃん,2026/2/13,https://www.tokyo-crossdress.com/WBlog/2026021301-600.jpg,https://x.com/vKQT9QP6e521151,,きれいめ,カジュアル,大人っぽい,ガーリー,"きれいめ,カジュアル,大人っぽい,ガーリー",
2025111502,なると,2025/11/15,https://www.tokyo-crossdress.com/WBlog/2025111502-600.jpg,https://x.com/nrt0417,,かわいい,ナチュラル,モード,クール,"かわいい,ナチュラル,モード,クール",
2025111501,心乃音あき,2025/11/15,https://www.tokyo-crossdress.com/WBlog/2025111501-600.jpg,https://x.com/aki_peace_21,,フェミニン,セクシー,クール,サブカル,"フェミニン,セクシー,クール,サブカル",
2025102801,ぽち,2025/10/28,https://www.tokyo-crossdress.com/WBlog/2025102801-600.jpg,https://x.com/pochizyosoko,https://www.instagram.com/pochizyosoko,かわいい,きれいめ,清楚,フェミニン,"かわいい,きれいめ,清楚,フェミニン",
2025101801,凪沙,2025/10/18,https://www.tokyo-crossdress.com/WBlog/2025101801-600.jpg,https://x.com/nagisa0910sv,,フェミニン,コスプレ,ロリータ,ガーリー,"フェミニン,コスプレ,ロリータ,ガーリー",
2025101001,なじゅ,2025/10/10,https://www.tokyo-crossdress.com/WBlog/2025101001-600.jpg,https://x.com/Najyu_momo,,大人っぽい,セクシー,クール,フェミニン,"大人っぽい,セクシー,クール,フェミニン",
2025071401,霜月みぞれ,2025/7/14,https://www.tokyo-crossdress.com/WBlog/2025071401-600.jpg,https://x.com/mizoresurisuri,,かわいい,サブカル,ガーリー,カジュアル,"かわいい,サブカル,ガーリー,カジュアル",
2025071301,いつき,2025/7/13,https://www.tokyo-crossdress.com/WBlog/2025071301-600.jpg,https://x.com/itukitencha,,ゴス・地雷,かわいい,サブカル,ガーリー,"ゴス・地雷,かわいい,サブカル,ガーリー",
2025062701,柊みお,2025/6/27,https://www.tokyo-crossdress.com/WBlog/2025062701-600.jpg,https://x.com/mio3_4869,,かわいい,ナチュラル,クール,モード,"かわいい,ナチュラル,クール,モード",
2025062301,れいな,2025/6/23,https://www.tokyo-crossdress.com/WBlog/2025062301-600.jpg,https://x.com/reynyan_prv,,カジュアル,セクシー,大人っぽい,ギャル,"カジュアル,セクシー,大人っぽい,ギャル",
2025042701,ちや,2025/4/27,https://www.tokyo-crossdress.com/WBlog/2025042701-600.jpg,https://x.com/chiya_Jsds73134,,かわいい,ガーリー,サブカル,コスプレ,"かわいい,ガーリー,サブカル,コスプレ",
2025042601,あの子,2025/4/26,https://www.tokyo-crossdress.com/WBlog/2025042601-600.jpg,https://x.com/anoko2020,,かわいい,ガーリー,サブカル,コスプレ,"かわいい,ガーリー,サブカル,コスプレ",
2025041801,りいさ,2025/4/18,https://www.tokyo-crossdress.com/WBlog/2025041801-600.jpg,https://x.com/r11sa04,,ナチュラル,ボーイッシュ,カジュアル,かわいい,"ナチュラル,ボーイッシュ,カジュアル,かわいい",
2025041101,SAKI,2025/4/11,https://www.tokyo-crossdress.com/WBlog/2025041101-600.jpg,https://x.com/saki225_ss,,ガーリー,ゴス・地雷,サブカル,かわいい,"ガーリー,ゴス・地雷,サブカル,かわいい",
2025031801,鶴羽しいな,2025/3/18,https://www.tokyo-crossdress.com/WBlog/2025031801-600.jpg,https://x.com/Siina_saikyou,,かわいい,ナチュラル,カジュアル,韓国風,"かわいい,ナチュラル,カジュアル,韓国風",
2025031701,さーや,2025/3/17,https://www.tokyo-crossdress.com/WBlog/2025031701-600.jpg,https://x.com/saya_198803,,きれいめ,清楚,大人っぽい,ナチュラル,"きれいめ,清楚,大人っぽい,ナチュラル",
2025031601,りこるん,2025/3/16,https://www.tokyo-crossdress.com/WBlog/2025031601-600.jpg,https://x.com/rikooodayo,,かわいい,清楚,ガーリー,ナチュラル,"かわいい,清楚,ガーリー,ナチュラル",
2025030301,ゆりか,2025/3/3,https://www.tokyo-crossdress.com/WBlog/2025030301-600.jpg,https://x.com/yurika_yuripon,,大人っぽい,ナチュラル,クール,カジュアル,"大人っぽい,ナチュラル,クール,カジュアル",
2025020801,つぅ,2025/2/8,https://www.tokyo-crossdress.com/WBlog/2025020801-600.jpg,https://x.com/Chubaki_nyan,,かわいい,ナチュラル,ガーリー,サブカル,"かわいい,ナチュラル,ガーリー,サブカル",
2024111201,ことね,2024/11/12,https://www.tokyo-crossdress.com/WBlog/2024111201-600.jpg,https://x.com/888_cotone,,大人っぽい,ナチュラル,カジュアル,ギャル,"大人っぽい,ナチュラル,カジュアル,ギャル",
2024100502,みな,2024/10/5,https://www.tokyo-crossdress.com/WBlog/2024100502-600.jpg,https://x.com/mina_challenge,,かわいい,ナチュラル,カジュアル,モード,"かわいい,ナチュラル,カジュアル,モード",
2024100501,イオ,2024/10/5,https://www.tokyo-crossdress.com/WBlog/2024100501-600.jpg,https://x.com/ioyt227,,かわいい,ガーリー,フェミニン,サブカル,"かわいい,ガーリー,フェミニン,サブカル",
2024090301,ゆぴちゃむ,2024/9/3,https://www.tokyo-crossdress.com/WBlog/2024090301-600.jpg,https://x.com/chamyupi,,かわいい,ナチュラル,セクシー,韓国風,"かわいい,ナチュラル,セクシー,韓国風",
2024080601,ちさと,2024/8/6,https://www.tokyo-crossdress.com/WBlog/2024080601-600.jpg,https://x.com/ch1_sa10_,,かわいい,コスプレ,サブカル,ロリータ,"かわいい,コスプレ,サブカル,ロリータ",
2024071901,れおとん,2024/7/19,https://www.tokyo-crossdress.com/WBlog/2024071901-600.jpg,https://x.com/reo_tonton,,セクシー,ナチュラル,ガーリー,レトロ,"セクシー,ナチュラル,ガーリー,レトロ",
2024071202,はのです。,2024/7/12,https://www.tokyo-crossdress.com/WBlog/2024071202-600.jpg,https://x.com/desu_hano,,セクシー,サブカル,韓国風,クール,"セクシー,サブカル,韓国風,クール",
2024071201,みやび,2024/7/12,https://www.tokyo-crossdress.com/WBlog/2024071201-600.jpg,https://x.com/my8bi,,セクシー,ナチュラル,大人っぽい,ギャル,"セクシー,ナチュラル,大人っぽい,ギャル",
2024062301,れいぽこ,2024/6/23,https://www.tokyo-crossdress.com/WBlog/2024062301-600.jpg,https://x.com/rei_reibooo,,きれいめ,クール,韓国風,ギャル,"きれいめ,クール,韓国風,ギャル",
2024053102,ゆうか,2024/5/31,https://www.tokyo-crossdress.com/WBlog/2024053102-600.jpg,https://x.com/yuka_Moncheri,,きれいめ,清楚,ナチュラル,ガーリー,"きれいめ,清楚,ナチュラル,ガーリー",
2024051701,YUKI,2024/5/17,https://www.tokyo-crossdress.com/WBlog/2024051701-600.jpg,https://x.com/1837_YUKI,,きれいめ,クール,ナチュラル,モード,"きれいめ,クール,ナチュラル,モード",
2024050603,かざね,2024/5/6,https://www.tokyo-crossdress.com/WBlog/2024050603-600.jpg,https://twitter.com/kazane__chan,,ナチュラル,かわいい,サブカル,コスプレ,"ナチュラル,かわいい,サブカル,コスプレ",
2024050501,りな,2024/5/5,https://www.tokyo-crossdress.com/WBlog/2024050501-600.jpg,https://twitter.com/rina_oO0320,,きれいめ,清楚,大人っぽい,クール,"きれいめ,清楚,大人っぽい,クール",
2024050301,Meimei,2024/5/3,https://www.tokyo-crossdress.com/WBlog/2024050301-600.jpg,https://twitter.com/yu_meimei2424,,ガーリー,カジュアル,ナチュラル,サブカル,"ガーリー,カジュアル,ナチュラル,サブカル",
2024042201,けーし,2024/4/22,https://www.tokyo-crossdress.com/WBlog/2024042201-600.jpg,https://twitter.com/josoko792019,,ガーリー,セクシー,韓国風,ギャル,"ガーリー,セクシー,韓国風,ギャル",
2024041203,秋本有里,2024/4/12,https://www.tokyo-crossdress.com/WBlog/2024041203-600.jpg,https://twitter.com/lNFPSRrriqjyuYA,,清楚,ナチュラル,カジュアル,大人っぽい,"清楚,ナチュラル,カジュアル,大人っぽい",
2024041202,かな,2024/4/12,https://www.tokyo-crossdress.com/WBlog/2024041202-600.jpg,https://twitter.com/kana_josou2001,,セクシー,ナチュラル,カジュアル,サブカル,"セクシー,ナチュラル,カジュアル,サブカル",
2024040502,まーちゃん,2024/4/5,https://www.tokyo-crossdress.com/WBlog/2024040502-600.jpg,https://twitter.com/mako_nyc1,,ガーリー,かわいい,サブカル,コスプレ,"ガーリー,かわいい,サブカル,コスプレ",
2024040501,ゅう,2024/4/5,https://www.tokyo-crossdress.com/WBlog/2024040501-600.jpg,https://twitter.com/yuu_s2122035,,ナチュラル,カジュアル,ギャル,かわいい,"ナチュラル,カジュアル,ギャル,かわいい",
2024031802,S∀aYA,2024/3/18,https://www.tokyo-crossdress.com/WBlog/2024031802-600.jpg,https://twitter.com/saayacrossdress,,セクシー,大人っぽい,ギャル,ボーイッシュ,"セクシー,大人っぽい,ギャル,ボーイッシュ",
2024031001,Shiho,2024/3/10,https://www.tokyo-crossdress.com/WBlog/2024031001-600.jpg,https://twitter.com/BakemonoGay,,かわいい,ナチュラル,ガーリー,カジュアル,"かわいい,ナチュラル,ガーリー,カジュアル",
2024030401,月弥,2024/3/4,https://www.tokyo-crossdress.com/WBlog/2024030401-600.jpg,https://twitter.com/293_moonlight,,ナチュラル,ガーリー,ボーイッシュ,レトロ,"ナチュラル,ガーリー,ボーイッシュ,レトロ",
2024022302,きくり,2024/2/23,https://www.tokyo-crossdress.com/WBlog/2024022302-600.jpg,https://twitter.com/erumoapiko320,,かわいい,クール,韓国風,サブカル,"かわいい,クール,韓国風,サブカル",
2024021701,厳島,2024/2/17,https://www.tokyo-crossdress.com/WBlog/2024021701-600.jpg,https://twitter.com/m_itsukushima,,かわいい,フェミニン,ガーリー,韓国風,"かわいい,フェミニン,ガーリー,韓国風",
2024021602,天美あすか,2024/2/16,https://www.tokyo-crossdress.com/WBlog/2024021602-600.jpg,https://twitter.com/Asucos15,,ナチュラル,ガーリー,カジュアル,清楚,"ナチュラル,ガーリー,カジュアル,清楚",
2024021601,さくや,2024/2/16,https://www.tokyo-crossdress.com/WBlog/2024021601-600.jpg,https://twitter.com/sakumyon_2,,大人っぽい,クール,ナチュラル,ボーイッシュ,"大人っぽい,クール,ナチュラル,ボーイッシュ",
2024012602,あいう,2024/1/26,https://www.tokyo-crossdress.com/WBlog/2024012602-600.jpg,https://twitter.com/aiu22110213,,かわいい,サブカル,コスプレ,モード,"かわいい,サブカル,コスプレ,モード",
2024012003,ぱる,2024/1/20,https://www.tokyo-crossdress.com/WBlog/2024012003-600.jpg,https://twitter.com/paruvati_breath,,フェミニン,大人っぽい,セクシー,レトロ,"フェミニン,大人っぽい,セクシー,レトロ",
2024012002,あかね,2024/1/20,https://www.tokyo-crossdress.com/WBlog/2024012002-600.jpg,https://twitter.com/akane_joso,,大人っぽい,セクシー,クール,カジュアル,"大人っぽい,セクシー,クール,カジュアル",
2024012001,ちふれぼーい,2024/1/20,https://www.tokyo-crossdress.com/WBlog/2024012001-600.jpg,https://twitter.com/Rr2W9,,ナチュラル,ボーイッシュ,サブカル,コスプレ,"ナチュラル,ボーイッシュ,サブカル,コスプレ",
2024011201,りと,2024/1/12,https://www.tokyo-crossdress.com/WBlog/2024011201-600.jpg,https://twitter.com/Rito_makeup,,大人っぽい,セクシー,ナチュラル,クール,"大人っぽい,セクシー,ナチュラル,クール",
2023122201,なぎさ,2023/12/22,https://www.tokyo-crossdress.com/WBlog/2023122201-600.jpg,https://twitter.com/nagidayo2000,,かわいい,フェミニン,ガーリー,ギャル,"かわいい,フェミニン,ガーリー,ギャル",
2023121701,りこ,2023/12/17,https://www.tokyo-crossdress.com/WBlog/2023121701-600.jpg,https://twitter.com/RikoAyatsuji,,ナチュラル,フェミニン,ガーリー,モード,"ナチュラル,フェミニン,ガーリー,モード",
2023121501,骨砕きの,2023/12/15,https://www.tokyo-crossdress.com/WBlog/2023121501-600.jpg,https://twitter.com/honekudakino,,カジュアル,ボーイッシュ,ナチュラル,サブカル,"カジュアル,ボーイッシュ,ナチュラル,サブカル",
2023120301,瑞樹かのん,2023/12/3,https://www.tokyo-crossdress.com/WBlog/2023120301-600.jpg,https://twitter.com/canon_mizuki,,清楚,ナチュラル,フェミニン,カジュアル,"清楚,ナチュラル,フェミニン,カジュアル",
2023112103,ちたんたん,2023/11/21,https://www.tokyo-crossdress.com/WBlog/2023112103-600.jpg,https://twitter.com/chitan_oficial,,かわいい,カジュアル,ナチュラル,ガーリー,"かわいい,カジュアル,ナチュラル,ガーリー",
2023112102,黒咲えんべえ,2023/11/21,https://www.tokyo-crossdress.com/WBlog/2023112102-600.jpg,https://twitter.com/hanamatinoen4,,ナチュラル,カジュアル,ボーイッシュ,レトロ,"ナチュラル,カジュアル,ボーイッシュ,レトロ",
2023112101,柊 肇,2023/11/21,https://www.tokyo-crossdress.com/WBlog/2023112101-600.jpg,https://twitter.com/hajime_june,,かわいい,ナチュラル,ガーリー,カジュアル,"かわいい,ナチュラル,ガーリー,カジュアル",
2023112001,みお,2023/11/20,https://www.tokyo-crossdress.com/WBlog/2023112001-600.jpg,https://twitter.com/mio_otokono_ko,,大人っぽい,セクシー,クール,コスプレ,"大人っぽい,セクシー,クール,コスプレ",
2023111901,朝美美琴,2023/11/19,https://www.tokyo-crossdress.com/WBlog/2023111901-600.jpg,https://twitter.com/AsamiMikotochan,,きれいめ,清楚,フェミニン,大人っぽい,"きれいめ,清楚,フェミニン,大人っぽい",
2023110401,しずく,2023/11/4,https://www.tokyo-crossdress.com/WBlog/2023110401-600.jpg,https://twitter.com/shizuku_3333,,ナチュラル,カジュアル,ガーリー,セクシー,"ナチュラル,カジュアル,ガーリー,セクシー",
2023102703,西見ゆずき,2023/10/27,https://www.tokyo-crossdress.com/WBlog/2023102703-600.jpg,https://twitter.com/Libeyuduki,,かわいい,ガーリー,サブカル,コスプレ,"かわいい,ガーリー,サブカル,コスプレ",
2023102701,ちゃんみお!!,2023/10/27,https://www.tokyo-crossdress.com/WBlog/2023102701-600.jpg,https://twitter.com/Ling_tosite_GDB,,かわいい,ガーリー,サブカル,コスプレ,"かわいい,ガーリー,サブカル,コスプレ",
2023102001,りな,2023/10/20,https://www.tokyo-crossdress.com/WBlog/2023102001-600.jpg,https://twitter.com/rina3206151,,かわいい,ガーリー,ゴス・地雷,サブカル,"かわいい,ガーリー,ゴス・地雷,サブカル",
2023101701,しぃ,2023/10/17,https://www.tokyo-crossdress.com/WBlog/2023101701-600.jpg,https://twitter.com/SiI4_1122,,かわいい,ナチュラル,ガーリー,カジュアル,"かわいい,ナチュラル,ガーリー,カジュアル",
2023101601,なとぅ,2023/10/16,https://www.tokyo-crossdress.com/WBlog/2023101601-600.jpg,https://twitter.com/naxtu_01,,かわいい,ナチュラル,フェミニン,ガーリー,"かわいい,ナチュラル,フェミニン,ガーリー",
2023101502,宮本,2023/10/15,https://www.tokyo-crossdress.com/WBlog/2023101502-600.jpg,https://twitter.com/kyomu_udon,,クール,ロリータ,ゴス・地雷,サブカル,"クール,ロリータ,ゴス・地雷,サブカル",
2023101501,ななせ,2023/10/15,https://www.tokyo-crossdress.com/WBlog/2023101501-600.jpg,https://twitter.com/lylLie4FiB2Ia3I,,かわいい,ナチュラル,カジュアル,ガーリー,"かわいい,ナチュラル,カジュアル,ガーリー",
2023100701,ゆかの,2023/10/7,https://www.tokyo-crossdress.com/WBlog/2023100701-600.jpg,https://twitter.com/yukano83,,きれいめ,大人っぽい,クール,セクシー,"きれいめ,大人っぽい,クール,セクシー",
2023091701,さぁら,2023/9/17,https://www.tokyo-crossdress.com/WBlog/2023091701-600.jpg,https://twitter.com/vrt5h1,,大人っぽい,セクシー,クール,ナチュラル,"大人っぽい,セクシー,クール,ナチュラル",
2023081801,りおん,2023/8/18,https://www.tokyo-crossdress.com/WBlog/2023081801-600.jpg,https://twitter.com/96nekoGirutyi,,ナチュラル,カジュアル,モード,クール,"ナチュラル,カジュアル,モード,クール",
2023060901,ルナ,2023/6/9,https://www.tokyo-crossdress.com/WBlog/2023060901-600.jpg,https://twitter.com/runa_600RR,,かわいい,ガーリー,韓国風,フェミニン,"かわいい,ガーリー,韓国風,フェミニン",
2023060502,かなぽん,2023/6/5,https://www.tokyo-crossdress.com/WBlog/2023060502-600.jpg,https://twitter.com/kanaxpon,,かわいい,ナチュラル,カジュアル,コスプレ,"かわいい,ナチュラル,カジュアル,コスプレ",
2023060501,美琴,2023/6/5,https://www.tokyo-crossdress.com/WBlog/2023060501-600.jpg,https://twitter.com/mikoteyan1022,,きれいめ,大人っぽい,セクシー,クール,"きれいめ,大人っぽい,セクシー,クール",
2023060101,ゆっきーな,2023/6/1,https://www.tokyo-crossdress.com/WBlog/2023060101-600.jpg,https://twitter.com/2023_yukina,,モード,大人っぽい,セクシー,ギャル,"モード,大人っぽい,セクシー,ギャル",
2023051203,ことりあそび,2023/5/12,https://www.tokyo-crossdress.com/WBlog/2023051203-600.jpg,https://twitter.com/0_kotori_asobi,,かわいい,フェミニン,ガーリー,清楚,"かわいい,フェミニン,ガーリー,清楚",
2023051202,かのん,2023/5/12,https://www.tokyo-crossdress.com/WBlog/2023051202-600.jpg,https://twitter.com/Ka_Nooon33,,クール,ナチュラル,コスプレ,サブカル,"クール,ナチュラル,コスプレ,サブカル",
2023051201,香椎ミク,2023/5/12,https://www.tokyo-crossdress.com/WBlog/2023051201-600.jpg,https://twitter.com/mikuloveKATY,,クール,カジュアル,モード,サブカル,"クール,カジュアル,モード,サブカル",
2023041401,HARUHI,2023/4/14,https://www.tokyo-crossdress.com/WBlog/2023041401-600.jpg,https://twitter.com/haruhi_trans,,かわいい,ガーリー,清楚,ナチュラル,"かわいい,ガーリー,清楚,ナチュラル",
2023031701,ひなきちC,2023/3/17,https://www.tokyo-crossdress.com/WBlog/2023031701-600.jpg,https://twitter.com/hinahinakichi7,,カジュアル,きれいめ,セクシー,ギャル,"カジュアル,きれいめ,セクシー,ギャル",
2023021802,いゔまる,2023/2/18,https://www.tokyo-crossdress.com/WBlog/2023021802-600.jpg,https://twitter.com/crossdressereve,,かわいい,クール,ナチュラル,韓国風,"かわいい,クール,ナチュラル,韓国風",
2023021801,ヒカル,2023/2/18,https://www.tokyo-crossdress.com/WBlog/2023021801-600.jpg,https://twitter.com/mt88_mercedes,,清楚,サブカル,クール,カジュアル,"清楚,サブカル,クール,カジュアル",
2023021601,まろッP,2023/2/16,https://www.tokyo-crossdress.com/WBlog/2023021601-600.jpg,https://twitter.com/maroppppppppp_,,きれいめ,セクシー,クール,ギャル,"きれいめ,セクシー,クール,ギャル",
2023011403,ろあ,2023/1/14,https://www.tokyo-crossdress.com/WBlog/2023011403-600.jpg,https://twitter.com/DjD8k,,ゴス・地雷,サブカル,かわいい,ガーリー,"ゴス・地雷,サブカル,かわいい,ガーリー",
2023011402,ゆ,2023/1/14,https://www.tokyo-crossdress.com/WBlog/2023011402-600.jpg,https://twitter.com/yu_tantan250,,かわいい,ナチュラル,ガーリー,カジュアル,"かわいい,ナチュラル,ガーリー,カジュアル",
2023011401,さっち,2023/1/14,https://www.tokyo-crossdress.com/WBlog/2023011401-600.jpg,https://twitter.com/SatyA_DuhkhA,,ガーリー,ナチュラル,サブカル,コスプレ,"ガーリー,ナチュラル,サブカル,コスプレ",
2023011302,さくら,2023/1/13,https://www.tokyo-crossdress.com/WBlog/2023011302-600.jpg,https://twitter.com/sakurash_cherry,,サブカル,コスプレ,清楚,ガーリー,"サブカル,コスプレ,清楚,ガーリー",
2023010701,mii*,2023/1/7,https://www.tokyo-crossdress.com/WBlog/2023010701-600.jpg,https://twitter.com/mizupon_s2,,セクシー,クール,ギャル,コスプレ,"セクシー,クール,ギャル,コスプレ",
2023010502,さくら96,2023/1/5,https://www.tokyo-crossdress.com/WBlog/2023010502-600.jpg,https://twitter.com/sakura_96usa,,かわいい,ナチュラル,サブカル,カジュアル,"かわいい,ナチュラル,サブカル,カジュアル",
2023010501,しおん,2023/1/5,https://www.tokyo-crossdress.com/WBlog/2023010501-600.jpg,https://twitter.com/shion19841213,,サブカル,モード,カジュアル,ナチュラル,"サブカル,モード,カジュアル,ナチュラル",
2022120901,Nanane,2022/12/9,https://www.tokyo-crossdress.com/WBlog/2022120901-600.jpg,https://twitter.com/nanane_adachi,,きれいめ,大人っぽい,セクシー,フェミニン,"きれいめ,大人っぽい,セクシー,フェミニン",
2022120601,ゆあ,2022/12/6,https://www.tokyo-crossdress.com/WBlog/2022120601-600.jpg,https://twitter.com/yua0039,,きれいめ,大人っぽい,クール,ギャル,"きれいめ,大人っぽい,クール,ギャル",
2022112301,Re:Na,2022/11/23,https://www.tokyo-crossdress.com/WBlog/2022112301-600.jpg,https://twitter.com/ReiNa32sub,,きれいめ,セクシー,フェミニン,ギャル,"きれいめ,セクシー,フェミニン,ギャル",
2022111601,桜華ユミ,2022/11/16,https://www.tokyo-crossdress.com/WBlog/2022111601-600.jpg,https://twitter.com/oukayu0624,,大人っぽい,セクシー,フェミニン,クール,"大人っぽい,セクシー,フェミニン,クール",
2022111103,しゅが～,2022/11/11,https://www.tokyo-crossdress.com/WBlog/2022111103-600.jpg,https://twitter.com/sugar__male,,かわいい,モード,カジュアル,サブカル,"かわいい,モード,カジュアル,サブカル",
2022111101,月陽,2022/11/11,https://www.tokyo-crossdress.com/WBlog/2022111101-600.jpg,https://twitter.com/new_changeT,,かわいい,ガーリー,サブカル,コスプレ,"かわいい,ガーリー,サブカル,コスプレ",
2022111001,ゆきにゃん,2022/11/10,https://www.tokyo-crossdress.com/WBlog/2022111001-600.jpg,https://twitter.com/yuki_kopa,,大人っぽい,クール,カジュアル,ゴス・地雷,"大人っぽい,クール,カジュアル,ゴス・地雷",
2022101402,Sae,2022/10/14,https://www.tokyo-crossdress.com/WBlog/2022101402-600.jpg,https://twitter.com/Ama2saexxx,,きれいめ,セクシー,大人っぽい,フェミニン,"きれいめ,セクシー,大人っぽい,フェミニン",
2022101401,時雨,2022/10/14,https://www.tokyo-crossdress.com/WBlog/2022101401-600.jpg,https://twitter.com/sigure_zyosou,,かわいい,フェミニン,ガーリー,清楚,"かわいい,フェミニン,ガーリー,清楚",
2022100101,美華,2022/10/1,https://www.tokyo-crossdress.com/WBlog/2022100101-600.jpg,https://twitter.com/ux9847sEggvNcx3,,きれいめ,大人っぽい,クール,セクシー,"きれいめ,大人っぽい,クール,セクシー",
2022092801,あおりりす,2022/9/28,https://www.tokyo-crossdress.com/WBlog/2022092801-600.jpg,https://twitter.com/Lilith_Aoi,,かわいい,ガーリー,サブカル,コスプレ,"かわいい,ガーリー,サブカル,コスプレ",
2022091501,千歳,2022/9/15,https://www.tokyo-crossdress.com/WBlog/2022091501-600.jpg,https://twitter.com/chitose_613fc,,大人っぽい,セクシー,クール,ギャル,"大人っぽい,セクシー,クール,ギャル",
2022091402,さやか,2022/9/14,https://www.tokyo-crossdress.com/WBlog/2022091402-600.jpg,https://twitter.com/sayaka_08100810,,ナチュラル,ガーリー,カジュアル,レトロ,"ナチュラル,ガーリー,カジュアル,レトロ",
2022082001,つつ,2022/8/20,https://www.tokyo-crossdress.com/WBlog/2022082001-600.jpg,https://twitter.com/tsu2_2tsu,,大人っぽい,ナチュラル,クール,和装,"大人っぽい,ナチュラル,クール,和装",
2022080303,あーちゃん,2022/8/3,https://www.tokyo-crossdress.com/WBlog/2022080303-600.jpg,https://twitter.com/Aoi_Rarqchan,,かわいい,カジュアル,ナチュラル,サブカル,"かわいい,カジュアル,ナチュラル,サブカル",
2022072901,こいずみゆき,2022/7/29,https://www.tokyo-crossdress.com/WBlog/2022072901-600.jpg,https://twitter.com/5123yuki_,,かわいい,ガーリー,ナチュラル,和装,"かわいい,ガーリー,ナチュラル,和装",
2022072803,ちひろ,2022/7/28,https://www.tokyo-crossdress.com/WBlog/2022072803-600.jpg,https://twitter.com/chiro201506,,きれいめ,清楚,大人っぽい,クール,"きれいめ,清楚,大人っぽい,クール",
2022072802,ゐゐ,2022/7/28,https://www.tokyo-crossdress.com/WBlog/2022072802-600.jpg,https://twitter.com/nunupippi,,かわいい,セクシー,クール,サブカル,"かわいい,セクシー,クール,サブカル",
2022072001,あずさくん,2022/7/20,https://www.tokyo-crossdress.com/WBlog/2022072001-600.jpg,https://twitter.com/azusa_odekake,,かわいい,ガーリー,ナチュラル,コスプレ,"かわいい,ガーリー,ナチュラル,コスプレ",
2022070701,ササキマコ,2022/7/7,https://www.tokyo-crossdress.com/WBlog/2022070701-600.jpg,https://twitter.com/mako190609,,クール,ゴス・地雷,サブカル,,"クール,ゴス・地雷,サブカル",
2022062501,さくら,2022/6/25,https://www.tokyo-crossdress.com/WBlog/2022062501-600.jpg,https://twitter.com/SakuraShuwa,,きれいめ,清楚,大人っぽい,,"きれいめ,清楚,大人っぽい",
2022062202,3XL女装,2022/6/22,https://www.tokyo-crossdress.com/WBlog/2022062202-600.jpg,https://twitter.com/pero_pero_you,,ナチュラル,カジュアル,サブカル,,"ナチュラル,カジュアル,サブカル",
2022062201,MAI,2022/6/22,https://www.tokyo-crossdress.com/WBlog/2022062201-600.jpg,https://twitter.com/mainya0723,,きれいめ,大人っぽい,クール,ギャル,"きれいめ,大人っぽい,クール,ギャル",
2022062101,ｷｬﾛ,2022/6/21,https://www.tokyo-crossdress.com/WBlog/2022062101-600.jpg,https://twitter.com/atomic_carrot_,,かわいい,ガーリー,サブカル,コスプレ,"かわいい,ガーリー,サブカル,コスプレ",
2022060101,りお,2022/6/1,https://www.tokyo-crossdress.com/WBlog/2022060101-600.jpg,https://twitter.com/Rio_orrrrr,,かわいい,ガーリー,サブカル,コスプレ,"かわいい,ガーリー,サブカル,コスプレ",
2022052401,えりー,2022/5/24,https://www.tokyo-crossdress.com/WBlog/2022052401-600.jpg,https://twitter.com/7thkaeru,,かわいい,ギャル,カジュアル,,"かわいい,ギャル,カジュアル",
2022052101,俐乃,2022/5/21,https://www.tokyo-crossdress.com/WBlog/2022052101-600.jpg,https://twitter.com/rino_inc2,,ギャル,カジュアル,,,"ギャル,カジュアル",
2022051101,七緒,2022/5/11,https://www.tokyo-crossdress.com/WBlog/2022051101-600.jpg,https://twitter.com/uroiesat,,きれいめ,大人っぽい,セクシー,,"きれいめ,大人っぽい,セクシー",
2022050501,つかさ,2022/5/5,https://www.tokyo-crossdress.com/WBlog/2022050501-600.jpg,https://twitter.com/_tsukasachan,,きれいめ,清楚,ナチュラル,カジュアル,"きれいめ,清楚,ナチュラル,カジュアル",
2022042701,ルナ,2022/4/27,https://www.tokyo-crossdress.com/WBlog/2022042701-600.jpg,https://twitter.com/kz55399555,,ギャル,ボーイッシュ,カジュアル,,"ギャル,ボーイッシュ,カジュアル",
2022042101,あゆぽん,2022/4/21,https://www.tokyo-crossdress.com/WBlog/2022042101-600.jpg,https://twitter.com/ayupon3920,,きれいめ,フェミニン,ガーリー,,"きれいめ,フェミニン,ガーリー",
2022041701,ぱいん,2022/4/17,https://www.tokyo-crossdress.com/WBlog/2022041701-600.jpg,https://twitter.com/pine_pcd,,ナチュラル,ガーリー,サブカル,,"ナチュラル,ガーリー,サブカル",
2022033001,Rin,2022/3/30,https://www.tokyo-crossdress.com/WBlog/2022033001-600.jpg,https://twitter.com/RinChan_Kisa,,大人っぽい,クール,モード,,"大人っぽい,クール,モード",
2022032601,ほむちゃん！,2022/3/26,https://www.tokyo-crossdress.com/WBlog/2022032601-600.jpg,https://twitter.com/homu_mh,,セクシー,大人っぽい,フェミニン,,"セクシー,大人っぽい,フェミニン",
2022032401,りょう,2022/3/24,https://www.tokyo-crossdress.com/WBlog/2022032401-600.jpg,https://twitter.com/riow_greentea,,かわいい,きれいめ,クール,ナチュラル,"かわいい,きれいめ,クール,ナチュラル",
2022031401,ごまたん★,2022/3/14,https://www.tokyo-crossdress.com/WBlog/2022031401-600.jpg,https://twitter.com/gomajoth,,かわいい,ナチュラル,カジュアル,,"かわいい,ナチュラル,カジュアル",
2022030303,りん。,2022/3/3,https://www.tokyo-crossdress.com/WBlog/2022030303-600.jpg,https://twitter.com/Rin86317587,,大人っぽい,ナチュラル,,,"大人っぽい,ナチュラル",
2022022001,まよ,2022/2/20,https://www.tokyo-crossdress.com/WBlog/2022022001-600.jpg,https://twitter.com/otolovetee,,コスプレ,サブカル,かわいい,ナチュラル,"コスプレ,サブカル,かわいい,ナチュラル",
2022020301,衣鈴,2022/2/3,https://www.tokyo-crossdress.com/WBlog/2022020301-600.jpg,https://twitter.com/isuzu_and,,カジュアル,,,,カジュアル,
2022013001,仇野なつ,2022/1/30,https://www.tokyo-crossdress.com/WBlog/2022013001-600.jpg,https://twitter.com/imnoroicdmaid,,クール,サブカル,ギャル,,"クール,サブカル,ギャル",
2022012802,なぎの,2022/1/28,https://www.tokyo-crossdress.com/WBlog/2022012802-600.jpg,https://twitter.com/aicachay,,かわいい,ナチュラル,,,"かわいい,ナチュラル",
2022012801,美月,2022/1/28,https://www.tokyo-crossdress.com/WBlog/2022012801-600.jpg,https://twitter.com/mika_claire_ap,,かわいい,コスプレ,セクシー,,"かわいい,コスプレ,セクシー",
2022012102,りた,2022/1/21,https://www.tokyo-crossdress.com/WBlog/2022012102-600.jpg,https://twitter.com/ri_ta_l0v,,ゴス・地雷,,,,ゴス・地雷,
2022012101,ぴろこ,2022/1/21,https://www.tokyo-crossdress.com/WBlog/2022012101-600.jpg,https://twitter.com/organic_piloe,,きれいめ,清楚,ナチュラル,,"きれいめ,清楚,ナチュラル",
2022010601,ゆう,2022/1/6,https://www.tokyo-crossdress.com/WBlog/2022010601-600.jpg,https://twitter.com/yayuyonari,,かわいい,ナチュラル,ガーリー,,"かわいい,ナチュラル,ガーリー",
2022010201,夕奈,2022/1/2,https://www.tokyo-crossdress.com/WBlog/2022010201-600.jpg,https://twitter.com/yuuna041400,,クール,モード,カジュアル,,"クール,モード,カジュアル",
2021121901,なつめ,2021/12/19,https://www.tokyo-crossdress.com/WBlog/2021121901-600.jpg,https://twitter.com/ayuna0819_ayu,,ギャル,サブカル,コスプレ,,"ギャル,サブカル,コスプレ",
2021120501,じゃむぱん,2021/12/5,https://www.tokyo-crossdress.com/WBlog/2021120501-600.jpg,https://twitter.com/jam_pan_suki,,かわいい,サブカル,コスプレ,ガーリー,"かわいい,サブカル,コスプレ,ガーリー",
2021120201,ななまる,2021/12/2,https://www.tokyo-crossdress.com/WBlog/2021120201-600.jpg,https://twitter.com/nanacat_7,,ナチュラル,,,,ナチュラル,
2021110302,美弥,2021/11/3,https://www.tokyo-crossdress.com/WBlog/2021110302-600.jpg,https://twitter.com/miyameooow1,,大人っぽい,セクシー,,,"大人っぽい,セクシー",
2021110301,みむ,2021/11/3,https://www.tokyo-crossdress.com/WBlog/2021110301-600.jpg,https://twitter.com/mimujsk,,コスプレ,和装,ナチュラル,,"コスプレ,和装,ナチュラル",
2021102703,侑,2021/10/27,https://www.tokyo-crossdress.com/WBlog/2021102703-600.jpg,https://twitter.com/IZyyy888,,ゴス・地雷,サブカル,ボーイッシュ,,"ゴス・地雷,サブカル,ボーイッシュ",
2021102702,Luna,2021/10/27,https://www.tokyo-crossdress.com/WBlog/2021102702-600.jpg,https://twitter.com/luna67_cd_ver2,,ギャル,,,,ギャル,
2021102001,あかいねこ,2021/10/20,https://www.tokyo-crossdress.com/WBlog/2021102001-600.jpg,https://twitter.com/neco_perorin,,カジュアル,,,,カジュアル,
2021091603,りり,2021/9/16,https://www.tokyo-crossdress.com/WBlog/2021091603-600.jpg,https://twitter.com/N2Onw,,きれいめ,セクシー,クール,,"きれいめ,セクシー,クール",
2021091601,兎味KANNNA,2021/9/16,https://www.tokyo-crossdress.com/WBlog/2021091601-600.jpg,https://twitter.com/kanna7706,,セクシー,クール,,,"セクシー,クール",
2021091302,みらち,2021/9/13,https://www.tokyo-crossdress.com/WBlog/2021091302-600.jpg,https://twitter.com/mirachiiii,,かわいい,セクシー,,,"かわいい,セクシー",
2021091301,ひろみ,2021/9/13,https://www.tokyo-crossdress.com/WBlog/2021091301-600.jpg,https://twitter.com/hiromi051709,,セクシー,ギャル,,,"セクシー,ギャル",
2021091103,さりな,2021/9/11,https://www.tokyo-crossdress.com/WBlog/2021091103-600.jpg,https://twitter.com/sarisari_sarina,,きれいめ,大人っぽい,クール,ギャル,"きれいめ,大人っぽい,クール,ギャル",
2021091003,染井よしの,2021/9/10,https://www.tokyo-crossdress.com/WBlog/2021091003-600.jpg,https://twitter.com/yoshino202141,,清楚,フェミニン,,,"清楚,フェミニン",
2021090806,宮代しいな,2021/9/8,https://www.tokyo-crossdress.com/WBlog/2021090806-600.jpg,https://twitter.com/royalshiina,,ゴス・地雷,サブカル,かわいい,,"ゴス・地雷,サブカル,かわいい",
2021090805,けいちむ,2021/9/8,https://www.tokyo-crossdress.com/WBlog/2021090805-600.jpg,https://twitter.com/lala_keikachimu,,ギャル,セクシー,,,"ギャル,セクシー",
2021090804,しーちゅん,2021/9/8,https://www.tokyo-crossdress.com/WBlog/2021090804-600.jpg,https://twitter.com/shechan0120,,きれいめ,かわいい,ナチュラル,ガーリー,"きれいめ,かわいい,ナチュラル,ガーリー",
2021090803,しの,2021/9/8,https://www.tokyo-crossdress.com/WBlog/2021090803-600.jpg,https://twitter.com/Shinoshinobro,,ボーイッシュ,ナチュラル,和装,,"ボーイッシュ,ナチュラル,和装",
2021090802,あいりん,2021/9/8,https://www.tokyo-crossdress.com/WBlog/2021090802-600.jpg,https://twitter.com/oEZOFC5qkqBKwjO,,かわいい,サブカル,コスプレ,,"かわいい,サブカル,コスプレ",
2021090401,erica,2021/9/4,https://www.tokyo-crossdress.com/WBlog/2021090401-600.jpg,https://twitter.com/EricaSm4y,,ギャル,きれいめ,大人っぽい,セクシー,"ギャル,きれいめ,大人っぽい,セクシー",
2021090203,暁ヒカル,2021/9/2,https://www.tokyo-crossdress.com/WBlog/2021090203-600.jpg,https://twitter.com/hikaru_skrmnln,,サブカル,コスプレ,ガーリー,,"サブカル,コスプレ,ガーリー",
2021090202,法楽わか,2021/9/2,https://www.tokyo-crossdress.com/WBlog/2021090202-600.jpg,https://twitter.com/Waca_room,,サブカル,ゴス・地雷,ガーリー,,"サブカル,ゴス・地雷,ガーリー",
2021090103,優,2021/9/1,https://www.tokyo-crossdress.com/WBlog/2021090103-600.jpg,https://twitter.com/you5569love,,きれいめ,セクシー,クール,,"きれいめ,セクシー,クール",
2021082002,ゆう,2021/8/20,https://www.tokyo-crossdress.com/WBlog/2021082002-600.jpg,https://twitter.com/yuuyuutere,,セクシー,,,,セクシー,
2021080401,クロミくん,2021/8/4,https://www.tokyo-crossdress.com/WBlog/2021080401-600.jpg,https://twitter.com/kuminomi1010249,,ガーリー,ゴス・地雷,,,"ガーリー,ゴス・地雷",
2021072501,MANAちゃん,2021/7/25,https://www.tokyo-crossdress.com/WBlog/2021072501-600.jpg,https://twitter.com/MANAmilkypop,,サブカル,ガーリー,,,"サブカル,ガーリー",
2021072101,ゆう,2021/7/21,https://www.tokyo-crossdress.com/WBlog/2021072101-600.jpg,https://twitter.com/paintitblackyou,,大人っぽい,セクシー,,,"大人っぽい,セクシー",
2021070202,かなめ,2021/7/2,https://www.tokyo-crossdress.com/WBlog/2021070202-600.jpg,https://twitter.com/PosiKana,,コスプレ,,,,コスプレ,
2021062301,あんず,2021/6/23,https://www.tokyo-crossdress.com/WBlog/2021062301-600.jpg,https://twitter.com/anzu_love_josou,,大人っぽい,ナチュラル,,,"大人っぽい,ナチュラル",
2021061302,ありさ,2021/6/13,https://www.tokyo-crossdress.com/WBlog/2021061302-600.jpg,https://twitter.com/ArisaJoso,,かわいい,ガーリー,,,"かわいい,ガーリー",
2021051201,このは,2021/5/12,https://www.tokyo-crossdress.com/WBlog/2021051201-600.jpg,https://twitter.com/konochan6,,コスプレ,ナチュラル,かわいい,,"コスプレ,ナチュラル,かわいい",
2026100201,れぃな,2026/10/2,https://www.tokyo-crossdress.com/WBlog/2026093003-600.jpg,https://x.com/leina0321,,ゴス・地雷,ガーリー,かわいい,サブカル,"ゴス・地雷,ガーリー,かわいい,サブカル",
